{
    "name": "root",
    "metadata": {
        "timer_format_version": "0.1.0",
        "start_time_seconds": "1747176128",
        "python_version": "3.9.21 (main, Dec 11 2024, 16:24:11) \n[GCC 11.2.0]",
        "command_line_arguments": "/home/arman/.conda/envs/unity/bin/mlagents-learn results/config.yaml --run-id=Boss --force",
        "mlagents_version": "0.30.0",
        "mlagents_envs_version": "0.30.0",
        "communication_protocol_version": "1.5.0",
        "pytorch_version": "1.11.0+cu102",
        "numpy_version": "1.21.2",
        "end_time_seconds": "1747176200"
    },
    "total": 71.86166037200019,
    "count": 1,
    "self": 0.006441384997742716,
    "children": {
        "run_training.setup": {
            "total": 0.02115205900190631,
            "count": 1,
            "self": 0.02115205900190631
        },
        "TrainerController.start_learning": {
            "total": 71.83406692800054,
            "count": 1,
            "self": 0.006147806023363955,
            "children": {
                "TrainerController._reset_env": {
                    "total": 2.245362785004545,
                    "count": 1,
                    "self": 2.245362785004545
                },
                "TrainerController.advance": {
                    "total": 69.30769519597379,
                    "count": 247,
                    "self": 0.0053551560049527325,
                    "children": {
                        "env_step": {
                            "total": 69.26028131299245,
                            "count": 247,
                            "self": 68.72973390397965,
                            "children": {
                                "SubprocessEnvManager._take_step": {
                                    "total": 0.5271746570069809,
                                    "count": 247,
                                    "self": 0.019690953042299952,
                                    "children": {
                                        "TorchPolicy.evaluate": {
                                            "total": 0.5074837039646809,
                                            "count": 247,
                                            "self": 0.5074837039646809
                                        }
                                    }
                                },
                                "workers": {
                                    "total": 0.0033727520058164373,
                                    "count": 246,
                                    "self": 0.0,
                                    "children": {
                                        "worker_root": {
                                            "total": 11.415531735969125,
                                            "count": 246,
                                            "is_parallel": true,
                                            "self": 3.214238996944914,
                                            "children": {
                                                "run_training.setup": {
                                                    "total": 0.0,
                                                    "count": 0,
                                                    "is_parallel": true,
                                                    "self": 0.0,
                                                    "children": {
                                                        "steps_from_proto": {
                                                            "total": 0.0016447529997094534,
                                                            "count": 1,
                                                            "is_parallel": true,
                                                            "self": 0.0009508619987173006,
                                                            "children": {
                                                                "_process_rank_one_or_two_observation": {
                                                                    "total": 0.0006938910009921528,
                                                                    "count": 4,
                                                                    "is_parallel": true,
                                                                    "self": 0.0006938910009921528
                                                                }
                                                            }
                                                        },
                                                        "UnityEnvironment.step": {
                                                            "total": 0.07932391700160224,
                                                            "count": 1,
                                                            "is_parallel": true,
                                                            "self": 0.00012950700329383835,
                                                            "children": {
                                                                "UnityEnvironment._generate_step_input": {
                                                                    "total": 0.00016168799629667774,
                                                                    "count": 1,
                                                                    "is_parallel": true,
                                                                    "self": 0.00016168799629667774
                                                                },
                                                                "communicator.exchange": {
                                                                    "total": 0.07849156099837273,
                                                                    "count": 1,
                                                                    "is_parallel": true,
                                                                    "self": 0.07849156099837273
                                                                },
                                                                "steps_from_proto": {
                                                                    "total": 0.0005411610036389902,
                                                                    "count": 1,
                                                                    "is_parallel": true,
                                                                    "self": 0.0003019759969902225,
                                                                    "children": {
                                                                        "_process_rank_one_or_two_observation": {
                                                                            "total": 0.00023918500664876774,
                                                                            "count": 4,
                                                                            "is_parallel": true,
                                                                            "self": 0.00023918500664876774
                                                                        }
                                                                    }
                                                                }
                                                            }
                                                        }
                                                    }
                                                },
                                                "UnityEnvironment.step": {
                                                    "total": 8.201292739024211,
                                                    "count": 245,
                                                    "is_parallel": true,
                                                    "self": 0.03780703207303304,