{
    "name": "root",
    "gauges": {
        "MyBehavior.Policy.Entropy.mean": {
            "value": 1.3536176681518555,
            "min": 1.3531607389450073,
            "max": 1.4572011232376099,
            "count": 75
        },
        "MyBehavior.Policy.Entropy.sum": {
            "value": 2753.25830078125,
            "min": 2432.78271484375,
            "max": 3253.765625,
            "count": 75
        },
        "MyBehavior.Environment.EpisodeLength.mean": {
            "value": 18.11320754716981,
            "min": 17.10909090909091,
            "max": 524.0,
            "count": 75
        },
        "MyBehavior.Environment.EpisodeLength.sum": {
            "value": 1920.0,
            "min": 264.0,
            "max": 5802.0,
            "count": 75
        },
        "MyBehavior.Step.mean": {
            "value": 149968.0,
            "min": 1998.0,
            "max": 149968.0,
            "count": 75
        },
        "MyBehavior.Step.sum": {
            "value": 149968.0,
            "min": 1998.0,
            "max": 149968.0,
            "count": 75
        },
        "MyBehavior.Policy.ExtrinsicValueEstimate.mean": {
            "value": 9.102812767028809,
            "min": -0.19357652962207794,
            "max": 9.195560455322266,
            "count": 75
        },
        "MyBehavior.Policy.ExtrinsicValueEstimate.sum": {
            "value": 955.7953491210938,
            "min": -6.581602096557617,
            "max": 1002.8536376953125,
            "count": 75
        },
        "MyBehavior.Environment.CumulativeReward.mean": {
            "value": 10.333765202476865,
            "min": 0.8276777794318539,
            "max": 14.577580043673516,
            "count": 75
        },
        "MyBehavior.Environment.CumulativeReward.sum": {
            "value": 1085.0453462600708,
            "min": 5.793744456022978,
            "max": 1122.6783094406128,
            "count": 75
        },
        "MyBehavior.Policy.ExtrinsicReward.mean": {
            "value": 10.333765202476865,
            "min": 0.8276777794318539,
            "max": 14.577580043673516,
            "count": 75
        },
        "MyBehavior.Policy.ExtrinsicReward.sum": {
            "value": 1085.0453462600708,
            "min": 5.793744456022978,
            "max": 1122.6783094406128,
            "count": 75
        },
        "MyBehavior.Losses.PolicyLoss.mean": {
            "value": 0.07139922905480489,
            "min": 0.04295463114976883,
            "max": 0.09103198709393232,
            "count": 75
        },
        "MyBehavior.Losses.PolicyLoss.sum": {
            "value": 0.14279845810960978,
            "min": 0.04295463114976883,
            "max": 0.18206397418786463,
            "count": 75
        },
        "MyBehavior.Losses.ValueLoss.mean": {
            "value": 0.19210483071704704,
            "min": 0.06720381092142176,
            "max": 2.643748606244723,
            "count": 75
        },
        "MyBehavior.Losses.ValueLoss.sum": {
            "value": 0.3842096614340941,
            "min": 0.13440762184284352,
            "max": 5.287497212489446,
            "count": 75
        },
        "MyBehavior.Policy.LearningRate.mean": {
            "value": 1.6400099453333358e-05,
            "min": 1.6400099453333358e-05,
            "max": 0.002978300000723333,
            "count": 75
        },
        "MyBehavior.Policy.LearningRate.sum": {
            "value": 3.2800198906666716e-05,
            "min": 3.2800198906666716e-05,
            "max": 0.005891960003601334,
            "count": 75
        },
        "MyBehavior.Policy.Epsilon.mean": {
            "value": 0.10054666666666667,
            "min": 0.10054666666666667,
            "max": 0.19927666666666669,
            "count": 75
        },
        "MyBehavior.Policy.Epsilon.sum": {
            "value": 0.20109333333333335,
            "min": 0.11401866666666667,
            "max": 0.3963986666666667,
            "count": 75
        },
        "MyBehavior.Policy.Beta.mean": {
            "value": 3.727866666666671e-05,
            "min": 3.727866666666671e-05,
            "max": 0.0049639056666666665,
            "count": 75
        },
        "MyBehavior.Policy.Beta.sum": {
            "value": 7.455733333333343e-05,
            "min": 7.455733333333343e-05,
            "max": 0.009820293466666668,
            "count": 75
        },
        "MyBehavior.IsTraining.mean": {
            "value": 1.0,
            "min": 1.0,
            "max": 1.0,
            "count": 75
        },
        "MyBehavior.IsTraining.sum": {
            "value": 1.0,
            "min": 1.0,
            "max": 1.0,
            "count": 75
        }
    },
    "metadata": {
        "timer_format_version": "0.1.0",
        "start_time_seconds": "1744715836",
        "python_version": "3.9.21 (main, Dec 11 2024, 16:24:11) \n[GCC 11.2.0]",
        "command_line_arguments": "/home/arman/.conda/envs/unity/bin/mlagents-learn results/config.yaml --run-id=Hunter --force",
        "mlagents_version": "0.30.0",
        "mlagents_envs_version": "0.30.0",
        "communication_protocol_version": "1.5.0",
        "pytorch_version": "1.11.0+cu102",
        "numpy_version": "1.21.2",
        "end_time_seconds": "1744716220"
    },
    "total": 383.9831534819996,
    "count": 1,
    "self": 0.0098113200001535,
    "children": {
        "run_training.setup": {
            "total": 0.026576865999231813,
            "count": 1,
            "self": 0.026576865999231813
        },
        "TrainerController.start_learning": {
            "total": 383.9467652960002,
            "count": 1,
            "self": 0.5632944800272526,
            "children": {
                "TrainerController._reset_env": {
                    "total": 6.263754268999946,
                    "count": 1,
                    "self": 6.263754268999946
                },
                "TrainerController.advance": {
                    "total": 377.0379771089729,
                    "count": 12014,
                    "self": 0.43638017701596254,
                    "children": {
                        "env_step": {
                            "total": 280.39584266194197,
                            "count": 12014,
                            "self": 258.37627954882555,
                            "children": {
                                "SubprocessEnvManager._take_step": {
                                    "total": 21.721354346110274,
                                    "count": 12014,
                                    "self": 1.3307697651343915,
                                    "children": {
                                        "TorchPolicy.evaluate": {
                                            "total": 20.390584580975883,
                                            "count": 8344,
                                            "self": 20.390584580975883
                                        }
                                    }
                                },
                                "workers": {
                                    "total": 0.2982087670061446,
                                    "count": 12014,
                                    "self": 0.0,
                                    "children": {
                                        "worker_root": {
                                            "total": 382.9573662340381,
                                            "count": 12014,
                                            "is_parallel": true,
                                            "self": 157.32399491300202,
                                            "children": {
                                                "run_training.setup": {
                                                    "total": 0.0,
                                                    "count": 0,
                                                    "is_parallel": true,